Transaction Date,Year,Month,Month_Name,Day,Day_Of_Week
2022-01-01,2022,1,January,1,Saturday
2022-01-02,2022,1,January,2,Sunday
2022-01-03,2022,1,January,3,Monday
2022-01-04,2022,1,January,4,Tuesday
2022-01-05,2022,1,January,5,Wednesday
2022-01-06,2022,1,January,6,Thursday
2022-01-07,2022,1,January,7,Friday
2022-01-08,2022,1,January,8,Saturday
2022-01-09,2022,1,January,9,Sunday
2022-01-10,2022,1,January,10,Monday
2022-01-11,2022,1,January,11,Tuesday
2022-01-12,2022,1,January,12,Wednesday
2022-01-13,2022,1,January,13,Thursday
2022-01-14,2022,1,January,14,Friday
2022-01-15,2022,1,January,15,Saturday
2022-01-16,2022,1,January,16,Sunday
2022-01-17,2022,1,January,17,Monday
2022-01-18,2022,1,January,18,Tuesday
2022-01-19,2022,1,January,19,Wednesday
2022-01-20,2022,1,January,20,Thursday
2022-01-21,2022,1,January,21,Friday
2022-01-22,2022,1,January,22,Saturday
2022-01-23,2022,1,January,23,Sunday
2022-01-24,2022,1,January,24,Monday
2022-01-25,2022,1,January,25,Tuesday
2022-01-26,2022,1,January,26,Wednesday
2022-01-27,2022,1,January,27,Thursday
2022-01-28,2022,1,January,28,Friday
2022-01-29,2022,1,January,29,Saturday
2022-01-30,2022,1,January,30,Sunday
2022-01-31,2022,1,January,31,Monday
2022-02-01,2022,2,February,1,Tuesday
2022-02-02,2022,2,February,2,Wednesday
2022-02-03,2022,2,February,3,Thursday
2022-02-04,2022,2,February,4,Friday
2022-02-05,2022,2,February,5,Saturday
2022-02-06,2022,2,February,6,Sunday
2022-02-07,2022,2,February,7,Monday
2022-02-08,2022,2,February,8,Tuesday
2022-02-09,2022,2,February,9,Wednesday
2022-02-10,2022,2,February,10,Thursday
2022-02-11,2022,2,February,11,Friday
2022-02-12,2022,2,February,12,Saturday
2022-02-13,2022,2,February,13,Sunday
2022-02-14,2022,2,February,14,Monday
2022-02-15,2022,2,February,15,Tuesday
2022-02-16,2022,2,February,16,Wednesday
2022-02-17,2022,2,February,17,Thursday
2022-02-18,2022,2,February,18,Friday
2022-02-19,2022,2,February,19,Saturday
2022-02-20,2022,2,February,20,Sunday
2022-02-21,2022,2,February,21,Monday
2022-02-22,2022,2,February,22,Tuesday
2022-02-23,2022,2,February,23,Wednesday
2022-02-24,2022,2,February,24,Thursday
2022-02-25,2022,2,February,25,Friday
2022-02-26,2022,2,February,26,Saturday
2022-02-27,2022,2,February,27,Sunday
2022-02-28,2022,2,February,28,Monday
2022-03-01,2022,3,March,1,Tuesday
2022-03-02,2022,3,March,2,Wednesday
2022-03-03,2022,3,March,3,Thursday
2022-03-04,2022,3,March,4,Friday
2022-03-05,2022,3,March,5,Saturday
2022-03-06,2022,3,March,6,Sunday
2022-03-07,2022,3,March,7,Monday
2022-03-08,2022,3,March,8,Tuesday
2022-03-09,2022,3,March,9,Wednesday
2022-03-10,2022,3,March,10,Thursday
2022-03-11,2022,3,March,11,Friday
2022-03-12,2022,3,March,12,Saturday
2022-03-13,2022,3,March,13,Sunday
2022-03-14,2022,3,March,14,Monday
2022-03-15,2022,3,March,15,Tuesday
2022-03-16,2022,3,March,16,Wednesday
2022-03-17,2022,3,March,17,Thursday
2022-03-18,2022,3,March,18,Friday
2022-03-19,2022,3,March,19,Saturday
2022-03-20,2022,3,March,20,Sunday
2022-03-21,2022,3,March,21,Monday
2022-03-22,2022,3,March,22,Tuesday
2022-03-23,2022,3,March,23,Wednesday
2022-03-24,2022,3,March,24,Thursday
2022-03-25,2022,3,March,25,Friday
2022-03-26,2022,3,March,26,Saturday
2022-03-27,2022,3,March,27,Sunday
2022-03-28,2022,3,March,28,Monday
2022-03-29,2022,3,March,29,Tuesday
2022-03-30,2022,3,March,30,Wednesday
2022-03-31,2022,3,March,31,Thursday
2022-04-01,2022,4,April,1,Friday
2022-04-02,2022,4,April,2,Saturday
2022-04-03,2022,4,April,3,Sunday
2022-04-04,2022,4,April,4,Monday
2022-04-05,2022,4,April,5,Tuesday
2022-04-06,2022,4,April,6,Wednesday
2022-04-07,2022,4,April,7,Thursday
2022-04-08,2022,4,April,8,Friday
2022-04-09,2022,4,April,9,Saturday
2022-04-10,2022,4,April,10,Sunday
2022-04-11,2022,4,April,11,Monday
2022-04-12,2022,4,April,12,Tuesday
2022-04-13,2022,4,April,13,Wednesday
2022-04-14,2022,4,April,14,Thursday
2022-04-15,2022,4,April,15,Friday
2022-04-16,2022,4,April,16,Saturday
2022-04-17,2022,4,April,17,Sunday
2022-04-18,2022,4,April,18,Monday
2022-04-19,2022,4,April,19,Tuesday
2022-04-20,2022,4,April,20,Wednesday
2022-04-21,2022,4,April,21,Thursday
2022-04-22,2022,4,April,22,Friday
2022-04-23,2022,4,April,23,Saturday
2022-04-24,2022,4,April,24,Sunday
2022-04-25,2022,4,April,25,Monday
2022-04-26,2022,4,April,26,Tuesday
2022-04-27,2022,4,April,27,Wednesday
2022-04-28,2022,4,April,28,Thursday
2022-04-29,2022,4,April,29,Friday
2022-04-30,2022,4,April,30,Saturday
2022-05-01,2022,5,May,1,Sunday
2022-05-02,2022,5,May,2,Monday
2022-05-03,2022,5,May,3,Tuesday
2022-05-04,2022,5,May,4,Wednesday
2022-05-05,2022,5,May,5,Thursday
2022-05-06,2022,5,May,6,Friday
2022-05-07,2022,5,May,7,Saturday
2022-05-08,2022,5,May,8,Sunday
2022-05-09,2022,5,May,9,Monday
2022-05-10,2022,5,May,10,Tuesday
2022-05-11,2022,5,May,11,Wednesday
2022-05-12,2022,5,May,12,Thursday
2022-05-13,2022,5,May,13,Friday
2022-05-14,2022,5,May,14,Saturday
2022-05-15,2022,5,May,15,Sunday
2022-05-16,2022,5,May,16,Monday
2022-05-17,2022,5,May,17,Tuesday
2022-05-18,2022,5,May,18,Wednesday
2022-05-19,2022,5,May,19,Thursday
2022-05-20,2022,5,May,20,Friday
2022-05-21,2022,5,May,21,Saturday
2022-05-22,2022,5,May,22,Sunday
2022-05-23,2022,5,May,23,Monday
2022-05-24,2022,5,May,24,Tuesday
2022-05-25,2022,5,May,25,Wednesday
2022-05-26,2022,5,May,26,Thursday
2022-05-27,2022,5,May,27,Friday
2022-05-28,2022,5,May,28,Saturday
2022-05-29,2022,5,May,29,Sunday
2022-05-30,2022,5,May,30,Monday
2022-05-31,2022,5,May,31,Tuesday
2022-06-01,2022,6,June,1,Wednesday
2022-06-02,2022,6,June,2,Thursday
2022-06-03,2022,6,June,3,Friday
2022-06-04,2022,6,June,4,Saturday
2022-06-05,2022,6,June,5,Sunday
2022-06-06,2022,6,June,6,Monday
2022-06-07,2022,6,June,7,Tuesday
2022-06-08,2022,6,June,8,Wednesday
2022-06-09,2022,6,June,9,Thursday
2022-06-10,2022,6,June,10,Friday
2022-06-11,2022,6,June,11,Saturday
2022-06-12,2022,6,June,12,Sunday
2022-06-13,2022,6,June,13,Monday
2022-06-14,2022,6,June,14,Tuesday
2022-06-15,2022,6,June,15,Wednesday
2022-06-16,2022,6,June,16,Thursday
2022-06-17,2022,6,June,17,Friday
2022-06-18,2022,6,June,18,Saturday
2022-06-19,2022,6,June,19,Sunday
2022-06-20,2022,6,June,20,Monday
2022-06-21,2022,6,June,21,Tuesday
2022-06-22,2022,6,June,22,Wednesday
2022-06-23,2022,6,June,23,Thursday
2022-06-24,2022,6,June,24,Friday
2022-06-25,2022,6,June,25,Saturday
2022-06-26,2022,6,June,26,Sunday
2022-06-27,2022,6,June,27,Monday
2022-06-28,2022,6,June,28,Tuesday
2022-06-29,2022,6,June,29,Wednesday
2022-06-30,2022,6,June,30,Thursday
2022-07-01,2022,7,July,1,Friday
2022-07-02,2022,7,July,2,Saturday
2022-07-03,2022,7,July,3,Sunday
2022-07-04,2022,7,July,4,Monday
2022-07-05,2022,7,July,5,Tuesday
2022-07-06,2022,7,July,6,Wednesday
2022-07-07,2022,7,July,7,Thursday
2022-07-08,2022,7,July,8,Friday
2022-07-09,2022,7,July,9,Saturday
2022-07-10,2022,7,July,10,Sunday
2022-07-11,2022,7,July,11,Monday
2022-07-12,2022,7,July,12,Tuesday
2022-07-13,2022,7,July,13,Wednesday
2022-07-14,2022,7,July,14,Thursday
2022-07-15,2022,7,July,15,Friday
2022-07-16,2022,7,July,16,Saturday
2022-07-17,2022,7,July,17,Sunday
2022-07-18,2022,7,July,18,Monday
2022-07-19,2022,7,July,19,Tuesday
2022-07-20,2022,7,July,20,Wednesday
2022-07-21,2022,7,July,21,Thursday
2022-07-22,2022,7,July,22,Friday
2022-07-23,2022,7,July,23,Saturday
2022-07-24,2022,7,July,24,Sunday
2022-07-25,2022,7,July,25,Monday
2022-07-26,2022,7,July,26,Tuesday
2022-07-27,2022,7,July,27,Wednesday
2022-07-28,2022,7,July,28,Thursday
2022-07-29,2022,7,July,29,Friday
2022-07-30,2022,7,July,30,Saturday
2022-07-31,2022,7,July,31,Sunday
2022-08-01,2022,8,August,1,Monday
2022-08-02,2022,8,August,2,Tuesday
2022-08-03,2022,8,August,3,Wednesday
2022-08-04,2022,8,August,4,Thursday
2022-08-05,2022,8,August,5,Friday
2022-08-06,2022,8,August,6,Saturday
2022-08-07,2022,8,August,7,Sunday
2022-08-08,2022,8,August,8,Monday
2022-08-09,2022,8,August,9,Tuesday
2022-08-10,2022,8,August,10,Wednesday
2022-08-11,2022,8,August,11,Thursday
2022-08-12,2022,8,August,12,Friday
2022-08-13,2022,8,August,13,Saturday
2022-08-14,2022,8,August,14,Sunday
2022-08-15,2022,8,August,15,Monday
2022-08-16,2022,8,August,16,Tuesday
2022-08-17,2022,8,August,17,Wednesday
2022-08-18,2022,8,August,18,Thursday
2022-08-19,2022,8,August,19,Friday
2022-08-20,2022,8,August,20,Saturday
2022-08-21,2022,8,August,21,Sunday
2022-08-22,2022,8,August,22,Monday
2022-08-23,2022,8,August,23,Tuesday
2022-08-24,2022,8,August,24,Wednesday
2022-08-25,2022,8,August,25,Thursday
2022-08-26,2022,8,August,26,Friday
2022-08-27,2022,8,August,27,Saturday
2022-08-28,2022,8,August,28,Sunday
2022-08-29,2022,8,August,29,Monday
2022-08-30,2022,8,August,30,Tuesday
2022-08-31,2022,8,August,31,Wednesday
2022-09-01,2022,9,September,1,Thursday
2022-09-02,2022,9,September,2,Friday
2022-09-03,2022,9,September,3,Saturday
2022-09-04,2022,9,September,4,Sunday
2022-09-05,2022,9,September,5,Monday
2022-09-06,2022,9,September,6,Tuesday
2022-09-07,2022,9,September,7,Wednesday
2022-09-08,2022,9,September,8,Thursday
2022-09-09,2022,9,September,9,Friday
2022-09-10,2022,9,September,10,Saturday
2022-09-11,2022,9,September,11,Sunday
2022-09-12,2022,9,September,12,Monday
2022-09-13,2022,9,September,13,Tuesday
2022-09-14,2022,9,September,14,Wednesday
2022-09-15,2022,9,September,15,Thursday
2022-09-16,2022,9,September,16,Friday
2022-09-17,2022,9,September,17,Saturday
2022-09-18,2022,9,September,18,Sunday
2022-09-19,2022,9,September,19,Monday
2022-09-20,2022,9,September,20,Tuesday
2022-09-21,2022,9,September,21,Wednesday
2022-09-22,2022,9,September,22,Thursday
2022-09-23,2022,9,September,23,Friday
2022-09-24,2022,9,September,24,Saturday
2022-09-25,2022,9,September,25,Sunday
2022-09-26,2022,9,September,26,Monday
2022-09-27,2022,9,September,27,Tuesday
2022-09-28,2022,9,September,28,Wednesday
2022-09-29,2022,9,September,29,Thursday
2022-09-30,2022,9,September,30,Friday
2022-10-01,2022,10,October,1,Saturday
2022-10-02,2022,10,October,2,Sunday
2022-10-03,2022,10,October,3,Monday
2022-10-04,2022,10,October,4,Tuesday
2022-10-05,2022,10,October,5,Wednesday
2022-10-06,2022,10,October,6,Thursday
2022-10-07,2022,10,October,7,Friday
2022-10-08,2022,10,October,8,Saturday
2022-10-09,2022,10,October,9,Sunday
2022-10-10,2022,10,October,10,Monday
2022-10-11,2022,10,October,11,Tuesday
2022-10-12,2022,10,October,12,Wednesday
2022-10-13,2022,10,October,13,Thursday
2022-10-14,2022,10,October,14,Friday
2022-10-15,2022,10,October,15,Saturday
2022-10-16,2022,10,October,16,Sunday
2022-10-17,2022,10,October,17,Monday
2022-10-18,2022,10,October,18,Tuesday
2022-10-19,2022,10,October,19,Wednesday
2022-10-20,2022,10,October,20,Thursday
2022-10-21,2022,10,October,21,Friday
2022-10-22,2022,10,October,22,Saturday
2022-10-23,2022,10,October,23,Sunday
2022-10-24,2022,10,October,24,Monday
2022-10-25,2022,10,October,25,Tuesday
2022-10-26,2022,10,October,26,Wednesday
2022-10-27,2022,10,October,27,Thursday
2022-10-28,2022,10,October,28,Friday
2022-10-29,2022,10,October,29,Saturday
2022-10-30,2022,10,October,30,Sunday
2022-10-31,2022,10,October,31,Monday
2022-11-01,2022,11,November,1,Tuesday
2022-11-02,2022,11,November,2,Wednesday
2022-11-03,2022,11,November,3,Thursday
2022-11-04,2022,11,November,4,Friday
2022-11-05,2022,11,November,5,Saturday
2022-11-06,2022,11,November,6,Sunday
2022-11-07,2022,11,November,7,Monday
2022-11-08,2022,11,November,8,Tuesday
2022-11-09,2022,11,November,9,Wednesday
2022-11-10,2022,11,November,10,Thursday
2022-11-11,2022,11,November,11,Friday
2022-11-12,2022,11,November,12,Saturday
2022-11-13,2022,11,November,13,Sunday
2022-11-14,2022,11,November,14,Monday
2022-11-15,2022,11,November,15,Tuesday
2022-11-16,2022,11,November,16,Wednesday
2022-11-17,2022,11,November,17,Thursday
2022-11-18,2022,11,November,18,Friday
2022-11-19,2022,11,November,19,Saturday
2022-11-20,2022,11,November,20,Sunday
2022-11-21,2022,11,November,21,Monday
2022-11-22,2022,11,November,22,Tuesday
2022-11-23,2022,11,November,23,Wednesday
2022-11-24,2022,11,November,24,Thursday
2022-11-25,2022,11,November,25,Friday
2022-11-26,2022,11,November,26,Saturday
2022-11-27,2022,11,November,27,Sunday
2022-11-28,2022,11,November,28,Monday
2022-11-29,2022,11,November,29,Tuesday
2022-11-30,2022,11,November,30,Wednesday
2022-12-01,2022,12,December,1,Thursday
2022-12-02,2022,12,December,2,Friday
2022-12-03,2022,12,December,3,Saturday
2022-12-04,2022,12,December,4,Sunday
2022-12-05,2022,12,December,5,Monday
2022-12-06,2022,12,December,6,Tuesday
2022-12-07,2022,12,December,7,Wednesday
2022-12-08,2022,12,December,8,Thursday
2022-12-09,2022,12,December,9,Friday
2022-12-10,2022,12,December,10,Saturday
2022-12-11,2022,12,December,11,Sunday
2022-12-12,2022,12,December,12,Monday
2022-12-13,2022,12,December,13,Tuesday
2022-12-14,2022,12,December,14,Wednesday
2022-12-15,2022,12,December,15,Thursday
2022-12-16,2022,12,December,16,Friday
2022-12-17,2022,12,December,17,Saturday
2022-12-18,2022,12,December,18,Sunday
2022-12-19,2022,12,December,19,Monday
2022-12-20,2022,12,December,20,Tuesday
2022-12-21,2022,12,December,21,Wednesday
2022-12-22,2022,12,December,22,Thursday
2022-12-23,2022,12,December,23,Friday
2022-12-24,2022,12,December,24,Saturday
2022-12-25,2022,12,December,25,Sunday
2022-12-26,2022,12,December,26,Monday
2022-12-27,2022,12,December,27,Tuesday
2022-12-28,2022,12,December,28,Wednesday
2022-12-29,2022,12,December,29,Thursday
2022-12-30,2022,12,December,30,Friday
2022-12-31,2022,12,December,31,Saturday
2023-01-01,2023,1,January,1,Sunday
2023-01-02,2023,1,January,2,Monday
2023-01-03,2023,1,January,3,Tuesday
2023-01-04,2023,1,January,4,Wednesday
2023-01-05,2023,1,January,5,Thursday
2023-01-06,2023,1,January,6,Friday
2023-01-07,2023,1,January,7,Saturday
2023-01-08,2023,1,January,8,Sunday
2023-01-09,2023,1,January,9,Monday
2023-01-10,2023,1,January,10,Tuesday
2023-01-11,2023,1,January,11,Wednesday
2023-01-12,2023,1,January,12,Thursday
2023-01-13,2023,1,January,13,Friday
2023-01-14,2023,1,January,14,Saturday
2023-01-15,2023,1,January,15,Sunday
2023-01-16,2023,1,January,16,Monday
2023-01-17,2023,1,January,17,Tuesday
2023-01-18,2023,1,January,18,Wednesday
2023-01-19,2023,1,January,19,Thursday
2023-01-20,2023,1,January,20,Friday
2023-01-21,2023,1,January,21,Saturday
2023-01-22,2023,1,January,22,Sunday
2023-01-23,2023,1,January,23,Monday
2023-01-24,2023,1,January,24,Tuesday
2023-01-25,2023,1,January,25,Wednesday
2023-01-26,2023,1,January,26,Thursday
2023-01-27,2023,1,January,27,Friday
2023-01-28,2023,1,January,28,Saturday
2023-01-29,2023,1,January,29,Sunday
2023-01-30,2023,1,January,30,Monday
2023-01-31,2023,1,January,31,Tuesday
2023-02-01,2023,2,February,1,Wednesday
2023-02-02,2023,2,February,2,Thursday
2023-02-03,2023,2,February,3,Friday
2023-02-04,2023,2,February,4,Saturday
2023-02-05,2023,2,February,5,Sunday
2023-02-06,2023,2,February,6,Monday
2023-02-07,2023,2,February,7,Tuesday
2023-02-08,2023,2,February,8,Wednesday
2023-02-09,2023,2,February,9,Thursday
2023-02-10,2023,2,February,10,Friday
2023-02-11,2023,2,February,11,Saturday
2023-02-12,2023,2,February,12,Sunday
2023-02-13,2023,2,February,13,Monday
2023-02-14,2023,2,February,14,Tuesday
2023-02-15,2023,2,February,15,Wednesday
2023-02-16,2023,2,February,16,Thursday
2023-02-17,2023,2,February,17,Friday
2023-02-18,2023,2,February,18,Saturday
2023-02-19,2023,2,February,19,Sunday
2023-02-20,2023,2,February,20,Monday
2023-02-21,2023,2,February,21,Tuesday
2023-02-22,2023,2,February,22,Wednesday
2023-02-23,2023,2,February,23,Thursday
2023-02-24,2023,2,February,24,Friday
2023-02-25,2023,2,February,25,Saturday
2023-02-26,2023,2,February,26,Sunday
2023-02-27,2023,2,February,27,Monday
2023-02-28,2023,2,February,28,Tuesday
2023-03-01,2023,3,March,1,Wednesday
2023-03-02,2023,3,March,2,Thursday
2023-03-03,2023,3,March,3,Friday
2023-03-04,2023,3,March,4,Saturday
2023-03-05,2023,3,March,5,Sunday
2023-03-06,2023,3,March,6,Monday
2023-03-07,2023,3,March,7,Tuesday
2023-03-08,2023,3,March,8,Wednesday
2023-03-09,2023,3,March,9,Thursday
2023-03-10,2023,3,March,10,Friday
2023-03-11,2023,3,March,11,Saturday
2023-03-12,2023,3,March,12,Sunday
2023-03-13,2023,3,March,13,Monday
2023-03-14,2023,3,March,14,Tuesday
2023-03-15,2023,3,March,15,Wednesday
2023-03-16,2023,3,March,16,Thursday
2023-03-17,2023,3,March,17,Friday
2023-03-18,2023,3,March,18,Saturday
2023-03-19,2023,3,March,19,Sunday
2023-03-20,2023,3,March,20,Monday
2023-03-21,2023,3,March,21,Tuesday
2023-03-22,2023,3,March,22,Wednesday
2023-03-23,2023,3,March,23,Thursday
2023-03-24,2023,3,March,24,Friday
2023-03-25,2023,3,March,25,Saturday
2023-03-26,2023,3,March,26,Sunday
2023-03-27,2023,3,March,27,Monday
2023-03-28,2023,3,March,28,Tuesday
2023-03-29,2023,3,March,29,Wednesday
2023-03-30,2023,3,March,30,Thursday
2023-03-31,2023,3,March,31,Friday
2023-04-01,2023,4,April,1,Saturday
2023-04-02,2023,4,April,2,Sunday
2023-04-03,2023,4,April,3,Monday
2023-04-04,2023,4,April,4,Tuesday
2023-04-05,2023,4,April,5,Wednesday
2023-04-06,2023,4,April,6,Thursday
2023-04-07,2023,4,April,7,Friday
2023-04-08,2023,4,April,8,Saturday
2023-04-09,2023,4,April,9,Sunday
2023-04-10,2023,4,April,10,Monday
2023-04-11,2023,4,April,11,Tuesday
2023-04-12,2023,4,April,12,Wednesday
2023-04-13,2023,4,April,13,Thursday
2023-04-14,2023,4,April,14,Friday
2023-04-15,2023,4,April,15,Saturday
2023-04-16,2023,4,April,16,Sunday
2023-04-17,2023,4,April,17,Monday
2023-04-18,2023,4,April,18,Tuesday
2023-04-19,2023,4,April,19,Wednesday
2023-04-20,2023,4,April,20,Thursday
2023-04-21,2023,4,April,21,Friday
2023-04-22,2023,4,April,22,Saturday
2023-04-23,2023,4,April,23,Sunday
2023-04-24,2023,4,April,24,Monday
2023-04-25,2023,4,April,25,Tuesday
2023-04-26,2023,4,April,26,Wednesday
2023-04-27,2023,4,April,27,Thursday
2023-04-28,2023,4,April,28,Friday
2023-04-29,2023,4,April,29,Saturday
2023-04-30,2023,4,April,30,Sunday
2023-05-01,2023,5,May,1,Monday
2023-05-02,2023,5,May,2,Tuesday
2023-05-03,2023,5,May,3,Wednesday
2023-05-04,2023,5,May,4,Thursday
2023-05-05,2023,5,May,5,Friday
2023-05-06,2023,5,May,6,Saturday
2023-05-07,2023,5,May,7,Sunday
2023-05-08,2023,5,May,8,Monday
2023-05-09,2023,5,May,9,Tuesday
2023-05-10,2023,5,May,10,Wednesday
2023-05-11,2023,5,May,11,Thursday
2023-05-12,2023,5,May,12,Friday
2023-05-13,2023,5,May,13,Saturday
2023-05-14,2023,5,May,14,Sunday
2023-05-15,2023,5,May,15,Monday
2023-05-16,2023,5,May,16,Tuesday
2023-05-17,2023,5,May,17,Wednesday
2023-05-18,2023,5,May,18,Thursday
2023-05-19,2023,5,May,19,Friday
2023-05-20,2023,5,May,20,Saturday
2023-05-21,2023,5,May,21,Sunday
2023-05-22,2023,5,May,22,Monday
2023-05-23,2023,5,May,23,Tuesday
2023-05-24,2023,5,May,24,Wednesday
2023-05-25,2023,5,May,25,Thursday
2023-05-26,2023,5,May,26,Friday
2023-05-27,2023,5,May,27,Saturday
2023-05-28,2023,5,May,28,Sunday
2023-05-29,2023,5,May,29,Monday
2023-05-30,2023,5,May,30,Tuesday
2023-05-31,2023,5,May,31,Wednesday
2023-06-01,2023,6,June,1,Thursday
2023-06-02,2023,6,June,2,Friday
2023-06-03,2023,6,June,3,Saturday
2023-06-04,2023,6,June,4,Sunday
2023-06-05,2023,6,June,5,Monday
2023-06-06,2023,6,June,6,Tuesday
2023-06-07,2023,6,June,7,Wednesday
2023-06-08,2023,6,June,8,Thursday
2023-06-09,2023,6,June,9,Friday
2023-06-10,2023,6,June,10,Saturday
2023-06-11,2023,6,June,11,Sunday
2023-06-12,2023,6,June,12,Monday
2023-06-13,2023,6,June,13,Tuesday
2023-06-14,2023,6,June,14,Wednesday
2023-06-15,2023,6,June,15,Thursday
2023-06-16,2023,6,June,16,Friday
2023-06-17,2023,6,June,17,Saturday
2023-06-18,2023,6,June,18,Sunday
2023-06-19,2023,6,June,19,Monday
2023-06-20,2023,6,June,20,Tuesday
2023-06-21,2023,6,June,21,Wednesday
2023-06-22,2023,6,June,22,Thursday
2023-06-23,2023,6,June,23,Friday
2023-06-24,2023,6,June,24,Saturday
2023-06-25,2023,6,June,25,Sunday
2023-06-26,2023,6,June,26,Monday
2023-06-27,2023,6,June,27,Tuesday
2023-06-28,2023,6,June,28,Wednesday
2023-06-29,2023,6,June,29,Thursday
2023-06-30,2023,6,June,30,Friday
2023-07-01,2023,7,July,1,Saturday
2023-07-02,2023,7,July,2,Sunday
2023-07-03,2023,7,July,3,Monday
2023-07-04,2023,7,July,4,Tuesday
2023-07-05,2023,7,July,5,Wednesday
2023-07-06,2023,7,July,6,Thursday
2023-07-07,2023,7,July,7,Friday
2023-07-08,2023,7,July,8,Saturday
2023-07-09,2023,7,July,9,Sunday
2023-07-10,2023,7,July,10,Monday
2023-07-11,2023,7,July,11,Tuesday
2023-07-12,2023,7,July,12,Wednesday
2023-07-13,2023,7,July,13,Thursday
2023-07-14,2023,7,July,14,Friday
2023-07-15,2023,7,July,15,Saturday
2023-07-16,2023,7,July,16,Sunday
2023-07-17,2023,7,July,17,Monday
2023-07-18,2023,7,July,18,Tuesday
2023-07-19,2023,7,July,19,Wednesday
2023-07-20,2023,7,July,20,Thursday
2023-07-21,2023,7,July,21,Friday
2023-07-22,2023,7,July,22,Saturday
2023-07-23,2023,7,July,23,Sunday
2023-07-24,2023,7,July,24,Monday
2023-07-25,2023,7,July,25,Tuesday
2023-07-26,2023,7,July,26,Wednesday
2023-07-27,2023,7,July,27,Thursday
2023-07-28,2023,7,July,28,Friday
2023-07-29,2023,7,July,29,Saturday
2023-07-30,2023,7,July,30,Sunday
2023-07-31,2023,7,July,31,Monday
2023-08-01,2023,8,August,1,Tuesday
2023-08-02,2023,8,August,2,Wednesday
2023-08-03,2023,8,August,3,Thursday
2023-08-04,2023,8,August,4,Friday
2023-08-05,2023,8,August,5,Saturday
2023-08-06,2023,8,August,6,Sunday
2023-08-07,2023,8,August,7,Monday
2023-08-08,2023,8,August,8,Tuesday
2023-08-09,2023,8,August,9,Wednesday
2023-08-10,2023,8,August,10,Thursday
2023-08-11,2023,8,August,11,Friday
2023-08-12,2023,8,August,12,Saturday
2023-08-13,2023,8,August,13,Sunday
2023-08-14,2023,8,August,14,Monday
2023-08-15,2023,8,August,15,Tuesday
2023-08-16,2023,8,August,16,Wednesday
2023-08-17,2023,8,August,17,Thursday
2023-08-18,2023,8,August,18,Friday
2023-08-19,2023,8,August,19,Saturday
2023-08-20,2023,8,August,20,Sunday
2023-08-21,2023,8,August,21,Monday
2023-08-22,2023,8,August,22,Tuesday
2023-08-23,2023,8,August,23,Wednesday
2023-08-24,2023,8,August,24,Thursday
2023-08-25,2023,8,August,25,Friday
2023-08-26,2023,8,August,26,Saturday
2023-08-27,2023,8,August,27,Sunday
2023-08-28,2023,8,August,28,Monday
2023-08-29,2023,8,August,29,Tuesday
2023-08-30,2023,8,August,30,Wednesday
2023-08-31,2023,8,August,31,Thursday
2023-09-01,2023,9,September,1,Friday
2023-09-02,2023,9,September,2,Saturday
2023-09-03,2023,9,September,3,Sunday
2023-09-04,2023,9,September,4,Monday
2023-09-05,2023,9,September,5,Tuesday
2023-09-06,2023,9,September,6,Wednesday
2023-09-07,2023,9,September,7,Thursday
2023-09-08,2023,9,September,8,Friday
2023-09-09,2023,9,September,9,Saturday
2023-09-10,2023,9,September,10,Sunday
2023-09-11,2023,9,September,11,Monday
2023-09-12,2023,9,September,12,Tuesday
2023-09-13,2023,9,September,13,Wednesday
2023-09-14,2023,9,September,14,Thursday
2023-09-15,2023,9,September,15,Friday
2023-09-16,2023,9,September,16,Saturday
2023-09-17,2023,9,September,17,Sunday
2023-09-18,2023,9,September,18,Monday
2023-09-19,2023,9,September,19,Tuesday
2023-09-20,2023,9,September,20,Wednesday
2023-09-21,2023,9,September,21,Thursday
2023-09-22,2023,9,September,22,Friday
2023-09-23,2023,9,September,23,Saturday
2023-09-24,2023,9,September,24,Sunday
2023-09-25,2023,9,September,25,Monday
2023-09-26,2023,9,September,26,Tuesday
2023-09-27,2023,9,September,27,Wednesday
2023-09-28,2023,9,September,28,Thursday
2023-09-29,2023,9,September,29,Friday
2023-09-30,2023,9,September,30,Saturday
2023-10-01,2023,10,October,1,Sunday
2023-10-02,2023,10,October,2,Monday
2023-10-03,2023,10,October,3,Tuesday
2023-10-04,2023,10,October,4,Wednesday
2023-10-05,2023,10,October,5,Thursday
2023-10-06,2023,10,October,6,Friday
2023-10-07,2023,10,October,7,Saturday
2023-10-08,2023,10,October,8,Sunday
2023-10-09,2023,10,October,9,Monday
2023-10-10,2023,10,October,10,Tuesday
2023-10-11,2023,10,October,11,Wednesday
2023-10-12,2023,10,October,12,Thursday
2023-10-13,2023,10,October,13,Friday
2023-10-14,2023,10,October,14,Saturday
2023-10-15,2023,10,October,15,Sunday
2023-10-16,2023,10,October,16,Monday
2023-10-17,2023,10,October,17,Tuesday
2023-10-18,2023,10,October,18,Wednesday
2023-10-19,2023,10,October,19,Thursday
2023-10-20,2023,10,October,20,Friday
2023-10-21,2023,10,October,21,Saturday
2023-10-22,2023,10,October,22,Sunday
2023-10-23,2023,10,October,23,Monday
2023-10-24,2023,10,October,24,Tuesday
2023-10-25,2023,10,October,25,Wednesday
2023-10-26,2023,10,October,26,Thursday
2023-10-27,2023,10,October,27,Friday
2023-10-28,2023,10,October,28,Saturday
2023-10-29,2023,10,October,29,Sunday
2023-10-30,2023,10,October,30,Monday
2023-10-31,2023,10,October,31,Tuesday
2023-11-01,2023,11,November,1,Wednesday
2023-11-02,2023,11,November,2,Thursday
2023-11-03,2023,11,November,3,Friday
2023-11-04,2023,11,November,4,Saturday
2023-11-05,2023,11,November,5,Sunday
2023-11-06,2023,11,November,6,Monday
2023-11-07,2023,11,November,7,Tuesday
2023-11-08,2023,11,November,8,Wednesday
2023-11-09,2023,11,November,9,Thursday
2023-11-10,2023,11,November,10,Friday
2023-11-11,2023,11,November,11,Saturday
2023-11-12,2023,11,November,12,Sunday
2023-11-13,2023,11,November,13,Monday
2023-11-14,2023,11,November,14,Tuesday
2023-11-15,2023,11,November,15,Wednesday
2023-11-16,2023,11,November,16,Thursday
2023-11-17,2023,11,November,17,Friday
2023-11-18,2023,11,November,18,Saturday
2023-11-19,2023,11,November,19,Sunday
2023-11-20,2023,11,November,20,Monday
2023-11-21,2023,11,November,21,Tuesday
2023-11-22,2023,11,November,22,Wednesday
2023-11-23,2023,11,November,23,Thursday
2023-11-24,2023,11,November,24,Friday
2023-11-25,2023,11,November,25,Saturday
2023-11-26,2023,11,November,26,Sunday
2023-11-27,2023,11,November,27,Monday
2023-11-28,2023,11,November,28,Tuesday
2023-11-29,2023,11,November,29,Wednesday
2023-11-30,2023,11,November,30,Thursday
2023-12-01,2023,12,December,1,Friday
2023-12-02,2023,12,December,2,Saturday
2023-12-03,2023,12,December,3,Sunday
2023-12-04,2023,12,December,4,Monday
2023-12-05,2023,12,December,5,Tuesday
2023-12-06,2023,12,December,6,Wednesday
2023-12-07,2023,12,December,7,Thursday
2023-12-08,2023,12,December,8,Friday
2023-12-09,2023,12,December,9,Saturday
2023-12-10,2023,12,December,10,Sunday
2023-12-11,2023,12,December,11,Monday
2023-12-12,2023,12,December,12,Tuesday
2023-12-13,2023,12,December,13,Wednesday
2023-12-14,2023,12,December,14,Thursday
2023-12-15,2023,12,December,15,Friday
2023-12-16,2023,12,December,16,Saturday
2023-12-17,2023,12,December,17,Sunday
2023-12-18,2023,12,December,18,Monday
2023-12-19,2023,12,December,19,Tuesday
2023-12-20,2023,12,December,20,Wednesday
2023-12-21,2023,12,December,21,Thursday
2023-12-22,2023,12,December,22,Friday
2023-12-23,2023,12,December,23,Saturday
2023-12-24,2023,12,December,24,Sunday
2023-12-25,2023,12,December,25,Monday
2023-12-26,2023,12,December,26,Tuesday
2023-12-27,2023,12,December,27,Wednesday
2023-12-28,2023,12,December,28,Thursday
2023-12-29,2023,12,December,29,Friday
2023-12-30,2023,12,December,30,Saturday
2023-12-31,2023,12,December,31,Sunday
2024-01-01,2024,1,January,1,Monday
2024-01-02,2024,1,January,2,Tuesday
2024-01-03,2024,1,January,3,Wednesday
2024-01-04,2024,1,January,4,Thursday
2024-01-05,2024,1,January,5,Friday
2024-01-06,2024,1,January,6,Saturday
2024-01-07,2024,1,January,7,Sunday
2024-01-08,2024,1,January,8,Monday
2024-01-09,2024,1,January,9,Tuesday
2024-01-10,2024,1,January,10,Wednesday
2024-01-11,2024,1,January,11,Thursday
2024-01-12,2024,1,January,12,Friday
2024-01-13,2024,1,January,13,Saturday
2024-01-14,2024,1,January,14,Sunday
2024-01-15,2024,1,January,15,Monday
2024-01-16,2024,1,January,16,Tuesday
2024-01-17,2024,1,January,17,Wednesday
2024-01-18,2024,1,January,18,Thursday
2024-01-19,2024,1,January,19,Friday
2024-01-20,2024,1,January,20,Saturday
2024-01-21,2024,1,January,21,Sunday
2024-01-22,2024,1,January,22,Monday
2024-01-23,2024,1,January,23,Tuesday
2024-01-24,2024,1,January,24,Wednesday
2024-01-25,2024,1,January,25,Thursday
2024-01-26,2024,1,January,26,Friday
2024-01-27,2024,1,January,27,Saturday
2024-01-28,2024,1,January,28,Sunday
2024-01-29,2024,1,January,29,Monday
2024-01-30,2024,1,January,30,Tuesday
2024-01-31,2024,1,January,31,Wednesday
2024-02-01,2024,2,February,1,Thursday
2024-02-02,2024,2,February,2,Friday
2024-02-03,2024,2,February,3,Saturday
2024-02-04,2024,2,February,4,Sunday
2024-02-05,2024,2,February,5,Monday
2024-02-06,2024,2,February,6,Tuesday
2024-02-07,2024,2,February,7,Wednesday
2024-02-08,2024,2,February,8,Thursday
2024-02-09,2024,2,February,9,Friday
2024-02-10,2024,2,February,10,Saturday
2024-02-11,2024,2,February,11,Sunday
2024-02-12,2024,2,February,12,Monday
2024-02-13,2024,2,February,13,Tuesday
2024-02-14,2024,2,February,14,Wednesday
2024-02-15,2024,2,February,15,Thursday
2024-02-16,2024,2,February,16,Friday
2024-02-17,2024,2,February,17,Saturday
2024-02-18,2024,2,February,18,Sunday
2024-02-19,2024,2,February,19,Monday
2024-02-20,2024,2,February,20,Tuesday
2024-02-21,2024,2,February,21,Wednesday
2024-02-22,2024,2,February,22,Thursday
2024-02-23,2024,2,February,23,Friday
2024-02-24,2024,2,February,24,Saturday
2024-02-25,2024,2,February,25,Sunday
2024-02-26,2024,2,February,26,Monday
2024-02-27,2024,2,February,27,Tuesday
2024-02-28,2024,2,February,28,Wednesday
2024-02-29,2024,2,February,29,Thursday
2024-03-01,2024,3,March,1,Friday
2024-03-02,2024,3,March,2,Saturday
2024-03-03,2024,3,March,3,Sunday
2024-03-04,2024,3,March,4,Monday
2024-03-05,2024,3,March,5,Tuesday
2024-03-06,2024,3,March,6,Wednesday
2024-03-07,2024,3,March,7,Thursday
2024-03-08,2024,3,March,8,Friday
2024-03-09,2024,3,March,9,Saturday
2024-03-10,2024,3,March,10,Sunday
2024-03-11,2024,3,March,11,Monday
2024-03-12,2024,3,March,12,Tuesday
2024-03-13,2024,3,March,13,Wednesday
2024-03-14,2024,3,March,14,Thursday
2024-03-15,2024,3,March,15,Friday
2024-03-16,2024,3,March,16,Saturday
2024-03-17,2024,3,March,17,Sunday
2024-03-18,2024,3,March,18,Monday
2024-03-19,2024,3,March,19,Tuesday
2024-03-20,2024,3,March,20,Wednesday
2024-03-21,2024,3,March,21,Thursday
2024-03-22,2024,3,March,22,Friday
2024-03-23,2024,3,March,23,Saturday
2024-03-24,2024,3,March,24,Sunday
2024-03-25,2024,3,March,25,Monday
2024-03-26,2024,3,March,26,Tuesday
2024-03-27,2024,3,March,27,Wednesday
2024-03-28,2024,3,March,28,Thursday
2024-03-29,2024,3,March,29,Friday
2024-03-30,2024,3,March,30,Saturday
2024-03-31,2024,3,March,31,Sunday
2024-04-01,2024,4,April,1,Monday
2024-04-02,2024,4,April,2,Tuesday
2024-04-03,2024,4,April,3,Wednesday
2024-04-04,2024,4,April,4,Thursday
2024-04-05,2024,4,April,5,Friday
2024-04-06,2024,4,April,6,Saturday
2024-04-07,2024,4,April,7,Sunday
2024-04-08,2024,4,April,8,Monday
2024-04-09,2024,4,April,9,Tuesday
2024-04-10,2024,4,April,10,Wednesday
2024-04-11,2024,4,April,11,Thursday
2024-04-12,2024,4,April,12,Friday
2024-04-13,2024,4,April,13,Saturday
2024-04-14,2024,4,April,14,Sunday
2024-04-15,2024,4,April,15,Monday
2024-04-16,2024,4,April,16,Tuesday
2024-04-17,2024,4,April,17,Wednesday
2024-04-18,2024,4,April,18,Thursday
2024-04-19,2024,4,April,19,Friday
2024-04-20,2024,4,April,20,Saturday
2024-04-21,2024,4,April,21,Sunday
2024-04-22,2024,4,April,22,Monday
2024-04-23,2024,4,April,23,Tuesday
2024-04-24,2024,4,April,24,Wednesday
2024-04-25,2024,4,April,25,Thursday
2024-04-26,2024,4,April,26,Friday
2024-04-27,2024,4,April,27,Saturday
2024-04-28,2024,4,April,28,Sunday
2024-04-29,2024,4,April,29,Monday
2024-04-30,2024,4,April,30,Tuesday
2024-05-01,2024,5,May,1,Wednesday
2024-05-02,2024,5,May,2,Thursday
2024-05-03,2024,5,May,3,Friday
2024-05-04,2024,5,May,4,Saturday
2024-05-05,2024,5,May,5,Sunday
2024-05-06,2024,5,May,6,Monday
2024-05-07,2024,5,May,7,Tuesday
2024-05-08,2024,5,May,8,Wednesday
2024-05-09,2024,5,May,9,Thursday
2024-05-10,2024,5,May,10,Friday
2024-05-11,2024,5,May,11,Saturday
2024-05-12,2024,5,May,12,Sunday
2024-05-13,2024,5,May,13,Monday
2024-05-14,2024,5,May,14,Tuesday
2024-05-15,2024,5,May,15,Wednesday
2024-05-16,2024,5,May,16,Thursday
2024-05-17,2024,5,May,17,Friday
2024-05-18,2024,5,May,18,Saturday
2024-05-19,2024,5,May,19,Sunday
2024-05-20,2024,5,May,20,Monday
2024-05-21,2024,5,May,21,Tuesday
2024-05-22,2024,5,May,22,Wednesday
2024-05-23,2024,5,May,23,Thursday
2024-05-24,2024,5,May,24,Friday
2024-05-25,2024,5,May,25,Saturday
2024-05-26,2024,5,May,26,Sunday
2024-05-27,2024,5,May,27,Monday
2024-05-28,2024,5,May,28,Tuesday
2024-05-29,2024,5,May,29,Wednesday
2024-05-30,2024,5,May,30,Thursday
2024-05-31,2024,5,May,31,Friday
2024-06-01,2024,6,June,1,Saturday
2024-06-02,2024,6,June,2,Sunday
2024-06-03,2024,6,June,3,Monday
2024-06-04,2024,6,June,4,Tuesday
2024-06-05,2024,6,June,5,Wednesday
2024-06-06,2024,6,June,6,Thursday
2024-06-07,2024,6,June,7,Friday
2024-06-08,2024,6,June,8,Saturday
2024-06-09,2024,6,June,9,Sunday
2024-06-10,2024,6,June,10,Monday
2024-06-11,2024,6,June,11,Tuesday
2024-06-12,2024,6,June,12,Wednesday
2024-06-13,2024,6,June,13,Thursday
2024-06-14,2024,6,June,14,Friday
2024-06-15,2024,6,June,15,Saturday
2024-06-16,2024,6,June,16,Sunday
2024-06-17,2024,6,June,17,Monday
2024-06-18,2024,6,June,18,Tuesday
2024-06-19,2024,6,June,19,Wednesday
2024-06-20,2024,6,June,20,Thursday
2024-06-21,2024,6,June,21,Friday
2024-06-22,2024,6,June,22,Saturday
2024-06-23,2024,6,June,23,Sunday
2024-06-24,2024,6,June,24,Monday
2024-06-25,2024,6,June,25,Tuesday
2024-06-26,2024,6,June,26,Wednesday
2024-06-27,2024,6,June,27,Thursday
2024-06-28,2024,6,June,28,Friday
2024-06-29,2024,6,June,29,Saturday
2024-06-30,2024,6,June,30,Sunday
2024-07-01,2024,7,July,1,Monday
2024-07-02,2024,7,July,2,Tuesday
2024-07-03,2024,7,July,3,Wednesday
2024-07-04,2024,7,July,4,Thursday
2024-07-05,2024,7,July,5,Friday
2024-07-06,2024,7,July,6,Saturday
2024-07-07,2024,7,July,7,Sunday
2024-07-08,2024,7,July,8,Monday
2024-07-09,2024,7,July,9,Tuesday
2024-07-10,2024,7,July,10,Wednesday
2024-07-11,2024,7,July,11,Thursday
2024-07-12,2024,7,July,12,Friday
2024-07-13,2024,7,July,13,Saturday
2024-07-14,2024,7,July,14,Sunday
2024-07-15,2024,7,July,15,Monday
2024-07-16,2024,7,July,16,Tuesday
2024-07-17,2024,7,July,17,Wednesday
2024-07-18,2024,7,July,18,Thursday
2024-07-19,2024,7,July,19,Friday
2024-07-20,2024,7,July,20,Saturday
2024-07-21,2024,7,July,21,Sunday
2024-07-22,2024,7,July,22,Monday
2024-07-23,2024,7,July,23,Tuesday
2024-07-24,2024,7,July,24,Wednesday
2024-07-25,2024,7,July,25,Thursday
2024-07-26,2024,7,July,26,Friday
2024-07-27,2024,7,July,27,Saturday
2024-07-28,2024,7,July,28,Sunday
2024-07-29,2024,7,July,29,Monday
2024-07-30,2024,7,July,30,Tuesday
2024-07-31,2024,7,July,31,Wednesday
2024-08-01,2024,8,August,1,Thursday
2024-08-02,2024,8,August,2,Friday
2024-08-03,2024,8,August,3,Saturday
2024-08-04,2024,8,August,4,Sunday
2024-08-05,2024,8,August,5,Monday
2024-08-06,2024,8,August,6,Tuesday
2024-08-07,2024,8,August,7,Wednesday
2024-08-08,2024,8,August,8,Thursday
2024-08-09,2024,8,August,9,Friday
2024-08-10,2024,8,August,10,Saturday
2024-08-11,2024,8,August,11,Sunday
2024-08-12,2024,8,August,12,Monday
2024-08-13,2024,8,August,13,Tuesday
2024-08-14,2024,8,August,14,Wednesday
2024-08-15,2024,8,August,15,Thursday
2024-08-16,2024,8,August,16,Friday
2024-08-17,2024,8,August,17,Saturday
2024-08-18,2024,8,August,18,Sunday
2024-08-19,2024,8,August,19,Monday
2024-08-20,2024,8,August,20,Tuesday
2024-08-21,2024,8,August,21,Wednesday
2024-08-22,2024,8,August,22,Thursday
2024-08-23,2024,8,August,23,Friday
2024-08-24,2024,8,August,24,Saturday
2024-08-25,2024,8,August,25,Sunday
2024-08-26,2024,8,August,26,Monday
2024-08-27,2024,8,August,27,Tuesday
2024-08-28,2024,8,August,28,Wednesday
2024-08-29,2024,8,August,29,Thursday
2024-08-30,2024,8,August,30,Friday
2024-08-31,2024,8,August,31,Saturday
2024-09-01,2024,9,September,1,Sunday
2024-09-02,2024,9,September,2,Monday
2024-09-03,2024,9,September,3,Tuesday
2024-09-04,2024,9,September,4,Wednesday
2024-09-05,2024,9,September,5,Thursday
2024-09-06,2024,9,September,6,Friday
2024-09-07,2024,9,September,7,Saturday
2024-09-08,2024,9,September,8,Sunday
2024-09-09,2024,9,September,9,Monday
2024-09-10,2024,9,September,10,Tuesday
2024-09-11,2024,9,September,11,Wednesday
2024-09-12,2024,9,September,12,Thursday
2024-09-13,2024,9,September,13,Friday
2024-09-14,2024,9,September,14,Saturday
2024-09-15,2024,9,September,15,Sunday
2024-09-16,2024,9,September,16,Monday
2024-09-17,2024,9,September,17,Tuesday
2024-09-18,2024,9,September,18,Wednesday
2024-09-19,2024,9,September,19,Thursday
2024-09-20,2024,9,September,20,Friday
2024-09-21,2024,9,September,21,Saturday
2024-09-22,2024,9,September,22,Sunday
2024-09-23,2024,9,September,23,Monday
2024-09-24,2024,9,September,24,Tuesday
2024-09-25,2024,9,September,25,Wednesday
2024-09-26,2024,9,September,26,Thursday
2024-09-27,2024,9,September,27,Friday
2024-09-28,2024,9,September,28,Saturday
2024-09-29,2024,9,September,29,Sunday
2024-09-30,2024,9,September,30,Monday
2024-10-01,2024,10,October,1,Tuesday
2024-10-02,2024,10,October,2,Wednesday
2024-10-03,2024,10,October,3,Thursday
2024-10-04,2024,10,October,4,Friday
2024-10-05,2024,10,October,5,Saturday
2024-10-06,2024,10,October,6,Sunday
2024-10-07,2024,10,October,7,Monday
2024-10-08,2024,10,October,8,Tuesday
2024-10-09,2024,10,October,9,Wednesday
2024-10-10,2024,10,October,10,Thursday
2024-10-11,2024,10,October,11,Friday
2024-10-12,2024,10,October,12,Saturday
2024-10-13,2024,10,October,13,Sunday
2024-10-14,2024,10,October,14,Monday
2024-10-15,2024,10,October,15,Tuesday
2024-10-16,2024,10,October,16,Wednesday
2024-10-17,2024,10,October,17,Thursday
2024-10-18,2024,10,October,18,Friday
2024-10-19,2024,10,October,19,Saturday
2024-10-20,2024,10,October,20,Sunday
2024-10-21,2024,10,October,21,Monday
2024-10-22,2024,10,October,22,Tuesday
2024-10-23,2024,10,October,23,Wednesday
2024-10-24,2024,10,October,24,Thursday
2024-10-25,2024,10,October,25,Friday
2024-10-26,2024,10,October,26,Saturday
2024-10-27,2024,10,October,27,Sunday
2024-10-28,2024,10,October,28,Monday
2024-10-29,2024,10,October,29,Tuesday
2024-10-30,2024,10,October,30,Wednesday
2024-10-31,2024,10,October,31,Thursday
2024-11-01,2024,11,November,1,Friday
2024-11-02,2024,11,November,2,Saturday
2024-11-03,2024,11,November,3,Sunday
2024-11-04,2024,11,November,4,Monday
2024-11-05,2024,11,November,5,Tuesday
2024-11-06,2024,11,November,6,Wednesday
2024-11-07,2024,11,November,7,Thursday
2024-11-08,2024,11,November,8,Friday
2024-11-09,2024,11,November,9,Saturday
2024-11-10,2024,11,November,10,Sunday
2024-11-11,2024,11,November,11,Monday
2024-11-12,2024,11,November,12,Tuesday
2024-11-13,2024,11,November,13,Wednesday
2024-11-14,2024,11,November,14,Thursday
2024-11-15,2024,11,November,15,Friday
2024-11-16,2024,11,November,16,Saturday
2024-11-17,2024,11,November,17,Sunday
2024-11-18,2024,11,November,18,Monday
2024-11-19,2024,11,November,19,Tuesday
2024-11-20,2024,11,November,20,Wednesday
2024-11-21,2024,11,November,21,Thursday
2024-11-22,2024,11,November,22,Friday
2024-11-23,2024,11,November,23,Saturday
2024-11-24,2024,11,November,24,Sunday
2024-11-25,2024,11,November,25,Monday
2024-11-26,2024,11,November,26,Tuesday
2024-11-27,2024,11,November,27,Wednesday
2024-11-28,2024,11,November,28,Thursday
2024-11-29,2024,11,November,29,Friday
2024-11-30,2024,11,November,30,Saturday
2024-12-01,2024,12,December,1,Sunday
2024-12-02,2024,12,December,2,Monday
2024-12-03,2024,12,December,3,Tuesday
2024-12-04,2024,12,December,4,Wednesday
2024-12-05,2024,12,December,5,Thursday
2024-12-06,2024,12,December,6,Friday
2024-12-07,2024,12,December,7,Saturday
2024-12-08,2024,12,December,8,Sunday
2024-12-09,2024,12,December,9,Monday
2024-12-10,2024,12,December,10,Tuesday
2024-12-11,2024,12,December,11,Wednesday
2024-12-12,2024,12,December,12,Thursday
2024-12-13,2024,12,December,13,Friday
2024-12-14,2024,12,December,14,Saturday
2024-12-15,2024,12,December,15,Sunday
2024-12-16,2024,12,December,16,Monday
2024-12-17,2024,12,December,17,Tuesday
2024-12-18,2024,12,December,18,Wednesday
2024-12-19,2024,12,December,19,Thursday
2024-12-20,2024,12,December,20,Friday
2024-12-21,2024,12,December,21,Saturday
2024-12-22,2024,12,December,22,Sunday
2024-12-23,2024,12,December,23,Monday
2024-12-24,2024,12,December,24,Tuesday
2024-12-25,2024,12,December,25,Wednesday
2024-12-26,2024,12,December,26,Thursday
2024-12-27,2024,12,December,27,Friday
2024-12-28,2024,12,December,28,Saturday
2024-12-29,2024,12,December,29,Sunday
2024-12-30,2024,12,December,30,Monday
2024-12-31,2024,12,December,31,Tuesday
2025-01-01,2025,1,January,1,Wednesday
2025-01-02,2025,1,January,2,Thursday
2025-01-03,2025,1,January,3,Friday
2025-01-04,2025,1,January,4,Saturday
2025-01-05,2025,1,January,5,Sunday
2025-01-06,2025,1,January,6,Monday
2025-01-07,2025,1,January,7,Tuesday
2025-01-08,2025,1,January,8,Wednesday
2025-01-09,2025,1,January,9,Thursday
2025-01-10,2025,1,January,10,Friday
2025-01-11,2025,1,January,11,Saturday
2025-01-12,2025,1,January,12,Sunday
2025-01-13,2025,1,January,13,Monday
2025-01-14,2025,1,January,14,Tuesday
2025-01-15,2025,1,January,15,Wednesday
2025-01-16,2025,1,January,16,Thursday
2025-01-17,2025,1,January,17,Friday
2025-01-18,2025,1,January,18,Saturday
